[
  {
    "lon": "153.432395",
    "lat": "-28.017591"
  },
  {
    "lon": "153.432226",
    "lat": "-28.029015"
  },
  {
    "lon": "153.431998",
    "lat": "-28.028249"
  },
  {
    "lon": "153.431271",
    "lat": "-28.01764"
  },
  {
    "lon": "153.43079",
    "lat": "-28.023022"
  },
  {
    "lon": "153.428724",
    "lat": "-28.018696"
  },
  {
    "lon": "153.431083",
    "lat": "-28.016108"
  },
  {
    "lon": "153.432924",
    "lat": "-28.022716"
  },
  {
    "lon": "153.429513",
    "lat": "-28.017711"
  },
  {
    "lon": "153.431343",
    "lat": "-28.026075"
  },
  {
    "lon": "153.429439",
    "lat": "-28.0261"
  },
  {
    "lon": "153.43293",
    "lat": "-28.027027"
  },
  {
    "lon": "153.432095",
    "lat": "-28.018822"
  },
  {
    "lon": "153.432531",
    "lat": "-28.019165"
  },
  {
    "lon": "153.431743",
    "lat": "-28.029126"
  },
  {
    "lon": "153.430749",
    "lat": "-28.021454"
  },
  {
    "lon": "153.43361",
    "lat": "-28.027565"
  },
  {
    "lon": "153.430721",
    "lat": "-28.015903"
  },
  {
    "lon": "153.433423",
    "lat": "-28.021129"
  },
  {
    "lon": "153.433059",
    "lat": "-28.028063"
  },
  {
    "lon": "153.429046",
    "lat": "-28.01693"
  },
  {
    "lon": "153.429378",
    "lat": "-28.025841"
  },
  {
    "lon": "153.430933",
    "lat": "-28.020593"
  },
  {
    "lon": "153.43032",
    "lat": "-28.029099"
  },
  {
    "lon": "153.433444",
    "lat": "-28.028789"
  },
  {
    "lon": "153.429371",
    "lat": "-28.025836"
  },
  {
    "lon": "153.430175",
    "lat": "-28.018537"
  },
  {
    "lon": "153.433615",
    "lat": "-28.021575"
  },
  {
    "lon": "153.432348",
    "lat": "-28.017329"
  },
  {
    "lon": "153.434009",
    "lat": "-28.026828"
  },
  {
    "lon": "153.42837",
    "lat": "-28.017695"
  },
  {
    "lon": "153.429405",
    "lat": "-28.015558"
  },
  {
    "lon": "153.433844",
    "lat": "-28.028872"
  },
  {
    "lon": "153.43383",
    "lat": "-28.028727"
  },
  {
    "lon": "153.433668",
    "lat": "-28.026646"
  },
  {
    "lon": "153.433823",
    "lat": "-28.028734"
  },
  {
    "lon": "153.432524",
    "lat": "-28.02708"
  },
  {
    "lon": "153.433833",
    "lat": "-28.028743"
  },
  {
    "lon": "153.431649",
    "lat": "-28.027407"
  },
  {
    "lon": "153.432015",
    "lat": "-28.028255"
  },
  {
    "lon": "153.429042",
    "lat": "-28.016927"
  },
  {
    "lon": "153.429046",
    "lat": "-28.016923"
  },
  {
    "lon": "153.432686",
    "lat": "-28.020666"
  },
  {
    "lon": "153.431632",
    "lat": "-28.027404"
  },
  {
    "lon": "153.43261",
    "lat": "-28.027244"
  },
  {
    "lon": "153.432428",
    "lat": "-28.017712"
  },
  {
    "lon": "153.432102",
    "lat": "-28.016272"
  },
  {
    "lon": "153.431361",
    "lat": "-28.026183"
  },
  {
    "lon": "153.429428",
    "lat": "-28.014098"
  },
  {
    "lon": "153.430589",
    "lat": "-28.012351"
  },
  {
    "lon": "153.430727",
    "lat": "-28.022842"
  }
]
